Category,Mean,Percentage
Privado com Carteira,37.75948823830428,37.7592651698612
Privado sem Carteira,13.697467462965694,13.697386543629028
Trabalhador Domestico,5.716902006388612,5.716868233144076
Setor Publico,12.418826129027243,12.418752763408728
Empregador,4.178439102508184,4.178414417907079
Conta Propria,24.91243376351823,24.912286590501004
Trabalhador Familiar Auxiliar,1.3170340620764287,1.3170262815489
